Classifier,AUC,Accuracy,Precision,Recall,F2 Score,Profit/Loss
Decision Tree,0.929,0.9748333333333333,0.23809523809523808,0.8653846153846154,0.5667506297229219,22840
