Classifier,AUC,Accuracy,Precision,Recall,F2 Score,Profit/Loss
Keras,0.939,0.9663333333333334,0.168141592920354,0.7307692307692307,0.4377880184331797,10160
