Classifier,AUC,Accuracy,Precision,Recall,F2 Score,Profit/Loss
XGB,0.997,0.9893333333333333,0.44545454545454544,0.9423076923076923,0.7704402515723271,32400
